Day,Hour,Month,Records
15,0,April,6
15,1,April,12
15,2,April,9
15,3,April,6
15,4,April,4
15,5,April,2
15,6,April,1
15,7,April,2
15,8,April,3
15,9,April,2
15,10,April,8
15,11,April,4
15,12,April,5
15,13,April,6
15,14,April,8
15,15,April,8
15,16,April,5
15,17,April,8
15,18,April,6
15,19,April,5
15,20,April,24
15,21,April,25
15,22,April,31
15,23,April,22
15,0,August,29
15,1,August,24
15,2,August,19
15,3,August,19
15,4,August,5
15,5,August,6
15,6,August,4
15,7,August,4
15,8,August,2
15,9,August,2
15,10,August,2
15,11,August,10
15,12,August,8
15,13,August,7
15,14,August,12
15,15,August,10
15,16,August,10
15,17,August,16
15,18,August,12
15,19,August,21
15,20,August,47
15,21,August,67
15,22,August,74
15,23,August,57
31,0,December,10
31,1,December,4
31,2,December,1
31,4,December,2
31,5,December,2
31,6,December,1
31,7,December,1
31,8,December,1
31,9,December,3
31,11,December,1
31,12,December,1
31,13,December,5
31,14,December,3
31,15,December,2
31,16,December,7
31,17,December,6
31,18,December,18
31,19,December,19
31,20,December,37
31,21,December,44
31,22,December,39
31,23,December,90
15,0,February,5
15,1,February,5
15,2,February,4
15,3,February,8
15,4,February,1
15,5,February,7
15,6,February,1
15,7,February,2
15,8,February,2
15,9,February,1
15,10,February,2
15,11,February,5
15,12,February,4
15,13,February,2
15,14,February,3
15,15,February,2
15,16,February,3
15,17,February,6
15,18,February,5
15,19,February,22
15,20,February,23
15,21,February,10
15,22,February,10
15,23,February,17
1,0,January,197
1,1,January,34
1,2,January,10
1,3,January,9
1,4,January,2
1,5,January,5
1,6,January,5
1,7,January,6
1,8,January,4
1,9,January,2
1,10,January,1
1,12,January,15
1,13,January,7
1,14,January,6
1,15,January,7
1,16,January,4
1,17,January,19
1,18,January,11
1,19,January,19
1,20,January,21
1,21,January,16
1,22,January,19
1,23,January,16
4,0,July,22
4,1,July,6
4,2,July,5
4,3,July,6
4,4,July,5
4,5,July,2
4,6,July,1
4,8,July,3
4,9,July,2
4,10,July,8
4,11,July,4
4,12,July,9
4,13,July,3
4,14,July,2
4,15,July,2
4,16,July,6
4,17,July,12
4,18,July,11
4,19,July,26
4,20,July,61
4,21,July,308
4,22,July,304
4,23,July,131
1,0,June,41
1,1,June,28
1,2,June,27
1,3,June,13
1,4,June,7
1,5,June,7
1,6,June,8
1,7,June,2
1,8,June,8
1,9,June,2
1,10,June,8
1,11,June,9
1,12,June,30
1,13,June,21
1,14,June,13
1,15,June,17
1,16,June,14
1,17,June,27
1,18,June,30
1,19,June,41
1,20,June,59
1,21,June,85
1,22,June,92
1,23,June,61
15,0,March,10
15,1,March,11
15,2,March,6
15,3,March,3
15,4,March,4
15,5,March,4
15,6,March,5
15,7,March,2
15,8,March,2
15,9,March,1
15,10,March,6
15,11,March,1
15,12,March,2
15,13,March,9
15,14,March,14
15,15,March,9
15,16,March,6
15,17,March,4
15,18,March,13
15,19,March,28
15,20,March,24
15,21,March,24
15,22,March,20
15,23,March,16
15,0,May,18
15,1,May,10
15,2,May,6
15,3,May,5
15,4,May,4
15,5,May,2
15,6,May,3
15,7,May,4
15,8,May,5
15,9,May,2
15,10,May,5
15,12,May,4
15,13,May,7
15,14,May,9
15,15,May,8
15,16,May,8
15,17,May,8
15,18,May,9
15,19,May,10
15,20,May,28
15,21,May,29
15,22,May,26
15,23,May,24
16,0,November,3
16,1,November,2
16,2,November,4
16,4,November,3
16,5,November,5
16,6,November,2
16,7,November,3
16,8,November,1
16,9,November,1
16,10,November,4
16,11,November,1
16,13,November,2
16,14,November,3
16,16,November,8
16,17,November,10
16,18,November,63
16,19,November,88
16,20,November,19
16,21,November,17
16,22,November,14
16,23,November,19
15,0,October,12
15,1,October,10
15,2,October,16
15,3,October,15
15,4,October,8
15,5,October,6
15,6,October,7
15,7,October,5
15,8,October,6
15,9,October,3
15,10,October,9
15,11,October,4
15,12,October,4
15,13,October,7
15,14,October,9
15,15,October,12
15,16,October,13
15,17,October,14
15,18,October,26
15,19,October,41
15,20,October,54
15,21,October,39
15,22,October,37
15,23,October,27
1,0,September,6
1,1,September,15
1,2,September,8
1,3,September,8
1,4,September,10
1,5,September,4
1,6,September,5
1,8,September,1
1,9,September,6
1,10,September,7
1,11,September,8
1,12,September,4
1,13,September,6
1,14,September,3
1,15,September,4
1,16,September,11
1,17,September,9
1,18,September,13
1,19,September,22
1,20,September,43
1,21,September,66
1,22,September,44
1,23,September,35
